{
  "step": 0,
  "min": 0.0,
  "max": 0.06477655412084171,
  "mean": 0.031064839879939275,
  "std": 0.020307994179639875,
  "l2_norm": 0.037113864045212976
}