{
  "step": 0,
  "min": 0.0,
  "max": 0.050660508320908515,
  "mean": 0.020490904225421894,
  "std": 0.014848070050121644,
  "l2_norm": 0.025304986468851
}